,Date,Company,Title,Location,Description,Level,Type,Function,Industry,Link
0,2023-02-23,Hourigan,Data Analyst,"Richmond, VA",,,,,,https://www.linkedin.com/jobs/view/data-analyst-at-hourigan-3494335695?refId=wF6AS2W7KShCkAgZV7FRkA%3D%3D&trackingId=xgI77Nzm3NW%2BklLQvVXK%2BA%3D%3D&position=25&pageNum=6&trk=public_jobs_jserp-result_search-card
1,2023-02-23,Hourigan,Data Analyst,"Richmond, VA",,,,,,https://www.linkedin.com/jobs/view/data-analyst-at-hourigan-3494335695?refId=wF6AS2W7KShCkAgZV7FRkA%3D%3D&trackingId=xgI77Nzm3NW%2BklLQvVXK%2BA%3D%3D&position=25&pageNum=6&trk=public_jobs_jserp-result_search-card
2,2023-02-23,Hourigan,Data Analyst,"Richmond, VA",,,,,,https://www.linkedin.com/jobs/view/data-analyst-at-hourigan-3494335695?refId=wF6AS2W7KShCkAgZV7FRkA%3D%3D&trackingId=xgI77Nzm3NW%2BklLQvVXK%2BA%3D%3D&position=25&pageNum=6&trk=public_jobs_jserp-result_search-card
3,2023-02-23,Hourigan,Data Analyst,"Richmond, VA",,,,,,https://www.linkedin.com/jobs/view/data-analyst-at-hourigan-3494335695?refId=wF6AS2W7KShCkAgZV7FRkA%3D%3D&trackingId=xgI77Nzm3NW%2BklLQvVXK%2BA%3D%3D&position=25&pageNum=6&trk=public_jobs_jserp-result_search-card
4,2023-02-23,Hourigan,Data Analyst,"Richmond, VA",,,,,,https://www.linkedin.com/jobs/view/data-analyst-at-hourigan-3494335695?refId=wF6AS2W7KShCkAgZV7FRkA%3D%3D&trackingId=xgI77Nzm3NW%2BklLQvVXK%2BA%3D%3D&position=25&pageNum=6&trk=public_jobs_jserp-result_search-card
5,2023-02-23,Hourigan,Data Analyst,"Richmond, VA",,,,,,https://www.linkedin.com/jobs/view/data-analyst-at-hourigan-3494335695?refId=wF6AS2W7KShCkAgZV7FRkA%3D%3D&trackingId=xgI77Nzm3NW%2BklLQvVXK%2BA%3D%3D&position=25&pageNum=6&trk=public_jobs_jserp-result_search-card
6,2023-02-23,Hourigan,Data Analyst,"Richmond, VA",,,,,,https://www.linkedin.com/jobs/view/data-analyst-at-hourigan-3494335695?refId=wF6AS2W7KShCkAgZV7FRkA%3D%3D&trackingId=xgI77Nzm3NW%2BklLQvVXK%2BA%3D%3D&position=25&pageNum=6&trk=public_jobs_jserp-result_search-card
7,2023-02-23,Hourigan,Data Analyst,"Richmond, VA",,,,,,https://www.linkedin.com/jobs/view/data-analyst-at-hourigan-3494335695?refId=wF6AS2W7KShCkAgZV7FRkA%3D%3D&trackingId=xgI77Nzm3NW%2BklLQvVXK%2BA%3D%3D&position=25&pageNum=6&trk=public_jobs_jserp-result_search-card
8,2023-02-23,Hourigan,Data Analyst,"Richmond, VA",,,,,,https://www.linkedin.com/jobs/view/data-analyst-at-hourigan-3494335695?refId=wF6AS2W7KShCkAgZV7FRkA%3D%3D&trackingId=xgI77Nzm3NW%2BklLQvVXK%2BA%3D%3D&position=25&pageNum=6&trk=public_jobs_jserp-result_search-card
9,2023-02-23,Hourigan,Data Analyst,"Richmond, VA",,,,,,https://www.linkedin.com/jobs/view/data-analyst-at-hourigan-3494335695?refId=wF6AS2W7KShCkAgZV7FRkA%3D%3D&trackingId=xgI77Nzm3NW%2BklLQvVXK%2BA%3D%3D&position=25&pageNum=6&trk=public_jobs_jserp-result_search-card
10,2023-02-23,Hourigan,Data Analyst,"Richmond, VA",,,,,,https://www.linkedin.com/jobs/view/data-analyst-at-hourigan-3494335695?refId=wF6AS2W7KShCkAgZV7FRkA%3D%3D&trackingId=xgI77Nzm3NW%2BklLQvVXK%2BA%3D%3D&position=25&pageNum=6&trk=public_jobs_jserp-result_search-card
11,2023-02-23,Hourigan,Data Analyst,"Richmond, VA",,,,,,https://www.linkedin.com/jobs/view/data-analyst-at-hourigan-3494335695?refId=wF6AS2W7KShCkAgZV7FRkA%3D%3D&trackingId=xgI77Nzm3NW%2BklLQvVXK%2BA%3D%3D&position=25&pageNum=6&trk=public_jobs_jserp-result_search-card
12,2023-02-23,Hourigan,Data Analyst,"Richmond, VA",,,,,,https://www.linkedin.com/jobs/view/data-analyst-at-hourigan-3494335695?refId=wF6AS2W7KShCkAgZV7FRkA%3D%3D&trackingId=xgI77Nzm3NW%2BklLQvVXK%2BA%3D%3D&position=25&pageNum=6&trk=public_jobs_jserp-result_search-card
13,2023-02-23,Hourigan,Data Analyst,"Richmond, VA",,,,,,https://www.linkedin.com/jobs/view/data-analyst-at-hourigan-3494335695?refId=wF6AS2W7KShCkAgZV7FRkA%3D%3D&trackingId=xgI77Nzm3NW%2BklLQvVXK%2BA%3D%3D&position=25&pageNum=6&trk=public_jobs_jserp-result_search-card
14,2023-02-23,Hourigan,Data Analyst,"Richmond, VA",,,,,,https://www.linkedin.com/jobs/view/data-analyst-at-hourigan-3494335695?refId=wF6AS2W7KShCkAgZV7FRkA%3D%3D&trackingId=xgI77Nzm3NW%2BklLQvVXK%2BA%3D%3D&position=25&pageNum=6&trk=public_jobs_jserp-result_search-card
15,2023-02-23,Hourigan,Data Analyst,"Richmond, VA",,,,,,https://www.linkedin.com/jobs/view/data-analyst-at-hourigan-3494335695?refId=wF6AS2W7KShCkAgZV7FRkA%3D%3D&trackingId=xgI77Nzm3NW%2BklLQvVXK%2BA%3D%3D&position=25&pageNum=6&trk=public_jobs_jserp-result_search-card
16,2023-02-23,Hourigan,Data Analyst,"Richmond, VA",,,,,,https://www.linkedin.com/jobs/view/data-analyst-at-hourigan-3494335695?refId=wF6AS2W7KShCkAgZV7FRkA%3D%3D&trackingId=xgI77Nzm3NW%2BklLQvVXK%2BA%3D%3D&position=25&pageNum=6&trk=public_jobs_jserp-result_search-card
17,2023-02-23,Hourigan,Data Analyst,"Richmond, VA",,,,,,https://www.linkedin.com/jobs/view/data-analyst-at-hourigan-3494335695?refId=wF6AS2W7KShCkAgZV7FRkA%3D%3D&trackingId=xgI77Nzm3NW%2BklLQvVXK%2BA%3D%3D&position=25&pageNum=6&trk=public_jobs_jserp-result_search-card
18,2023-02-23,Hourigan,Data Analyst,"Richmond, VA",,,,,,https://www.linkedin.com/jobs/view/data-analyst-at-hourigan-3494335695?refId=wF6AS2W7KShCkAgZV7FRkA%3D%3D&trackingId=xgI77Nzm3NW%2BklLQvVXK%2BA%3D%3D&position=25&pageNum=6&trk=public_jobs_jserp-result_search-card
19,2023-02-23,Hourigan,Data Analyst,"Richmond, VA",,,,,,https://www.linkedin.com/jobs/view/data-analyst-at-hourigan-3494335695?refId=wF6AS2W7KShCkAgZV7FRkA%3D%3D&trackingId=xgI77Nzm3NW%2BklLQvVXK%2BA%3D%3D&position=25&pageNum=6&trk=public_jobs_jserp-result_search-card
20,2023-02-23,Hourigan,Data Analyst,"Richmond, VA",,,,,,https://www.linkedin.com/jobs/view/data-analyst-at-hourigan-3494335695?refId=wF6AS2W7KShCkAgZV7FRkA%3D%3D&trackingId=xgI77Nzm3NW%2BklLQvVXK%2BA%3D%3D&position=25&pageNum=6&trk=public_jobs_jserp-result_search-card
21,2023-02-23,Hourigan,Data Analyst,"Richmond, VA",,,,,,https://www.linkedin.com/jobs/view/data-analyst-at-hourigan-3494335695?refId=wF6AS2W7KShCkAgZV7FRkA%3D%3D&trackingId=xgI77Nzm3NW%2BklLQvVXK%2BA%3D%3D&position=25&pageNum=6&trk=public_jobs_jserp-result_search-card
22,2023-02-23,Hourigan,Data Analyst,"Richmond, VA",,,,,,https://www.linkedin.com/jobs/view/data-analyst-at-hourigan-3494335695?refId=wF6AS2W7KShCkAgZV7FRkA%3D%3D&trackingId=xgI77Nzm3NW%2BklLQvVXK%2BA%3D%3D&position=25&pageNum=6&trk=public_jobs_jserp-result_search-card
23,2023-02-23,Hourigan,Data Analyst,"Richmond, VA",,,,,,https://www.linkedin.com/jobs/view/data-analyst-at-hourigan-3494335695?refId=wF6AS2W7KShCkAgZV7FRkA%3D%3D&trackingId=xgI77Nzm3NW%2BklLQvVXK%2BA%3D%3D&position=25&pageNum=6&trk=public_jobs_jserp-result_search-card
24,2023-02-23,Hourigan,Data Analyst,"Richmond, VA",,,,,,https://www.linkedin.com/jobs/view/data-analyst-at-hourigan-3494335695?refId=wF6AS2W7KShCkAgZV7FRkA%3D%3D&trackingId=xgI77Nzm3NW%2BklLQvVXK%2BA%3D%3D&position=25&pageNum=6&trk=public_jobs_jserp-result_search-card
25,2023-02-23,Hourigan,Data Analyst,"Richmond, VA",,,,,,https://www.linkedin.com/jobs/view/data-analyst-at-hourigan-3494335695?refId=wF6AS2W7KShCkAgZV7FRkA%3D%3D&trackingId=xgI77Nzm3NW%2BklLQvVXK%2BA%3D%3D&position=25&pageNum=6&trk=public_jobs_jserp-result_search-card
26,2023-02-23,Hourigan,Data Analyst,"Richmond, VA",,,,,,https://www.linkedin.com/jobs/view/data-analyst-at-hourigan-3494335695?refId=wF6AS2W7KShCkAgZV7FRkA%3D%3D&trackingId=xgI77Nzm3NW%2BklLQvVXK%2BA%3D%3D&position=25&pageNum=6&trk=public_jobs_jserp-result_search-card
27,2023-02-23,Hourigan,Data Analyst,"Richmond, VA",,,,,,https://www.linkedin.com/jobs/view/data-analyst-at-hourigan-3494335695?refId=wF6AS2W7KShCkAgZV7FRkA%3D%3D&trackingId=xgI77Nzm3NW%2BklLQvVXK%2BA%3D%3D&position=25&pageNum=6&trk=public_jobs_jserp-result_search-card
28,2023-02-23,Hourigan,Data Analyst,"Richmond, VA",,,,,,https://www.linkedin.com/jobs/view/data-analyst-at-hourigan-3494335695?refId=wF6AS2W7KShCkAgZV7FRkA%3D%3D&trackingId=xgI77Nzm3NW%2BklLQvVXK%2BA%3D%3D&position=25&pageNum=6&trk=public_jobs_jserp-result_search-card
29,2023-02-23,Hourigan,Data Analyst,"Richmond, VA",,,,,,https://www.linkedin.com/jobs/view/data-analyst-at-hourigan-3494335695?refId=wF6AS2W7KShCkAgZV7FRkA%3D%3D&trackingId=xgI77Nzm3NW%2BklLQvVXK%2BA%3D%3D&position=25&pageNum=6&trk=public_jobs_jserp-result_search-card
30,2023-02-23,Hourigan,Data Analyst,"Richmond, VA",,,,,,https://www.linkedin.com/jobs/view/data-analyst-at-hourigan-3494335695?refId=wF6AS2W7KShCkAgZV7FRkA%3D%3D&trackingId=xgI77Nzm3NW%2BklLQvVXK%2BA%3D%3D&position=25&pageNum=6&trk=public_jobs_jserp-result_search-card
31,2023-02-23,Hourigan,Data Analyst,"Richmond, VA",,,,,,https://www.linkedin.com/jobs/view/data-analyst-at-hourigan-3494335695?refId=wF6AS2W7KShCkAgZV7FRkA%3D%3D&trackingId=xgI77Nzm3NW%2BklLQvVXK%2BA%3D%3D&position=25&pageNum=6&trk=public_jobs_jserp-result_search-card
32,2023-02-23,Hourigan,Data Analyst,"Richmond, VA",,,,,,https://www.linkedin.com/jobs/view/data-analyst-at-hourigan-3494335695?refId=wF6AS2W7KShCkAgZV7FRkA%3D%3D&trackingId=xgI77Nzm3NW%2BklLQvVXK%2BA%3D%3D&position=25&pageNum=6&trk=public_jobs_jserp-result_search-card
33,2023-02-23,Hourigan,Data Analyst,"Richmond, VA",,,,,,https://www.linkedin.com/jobs/view/data-analyst-at-hourigan-3494335695?refId=wF6AS2W7KShCkAgZV7FRkA%3D%3D&trackingId=xgI77Nzm3NW%2BklLQvVXK%2BA%3D%3D&position=25&pageNum=6&trk=public_jobs_jserp-result_search-card
34,2023-02-23,Hourigan,Data Analyst,"Richmond, VA",,,,,,https://www.linkedin.com/jobs/view/data-analyst-at-hourigan-3494335695?refId=wF6AS2W7KShCkAgZV7FRkA%3D%3D&trackingId=xgI77Nzm3NW%2BklLQvVXK%2BA%3D%3D&position=25&pageNum=6&trk=public_jobs_jserp-result_search-card
35,2023-02-23,Hourigan,Data Analyst,"Richmond, VA",,,,,,https://www.linkedin.com/jobs/view/data-analyst-at-hourigan-3494335695?refId=wF6AS2W7KShCkAgZV7FRkA%3D%3D&trackingId=xgI77Nzm3NW%2BklLQvVXK%2BA%3D%3D&position=25&pageNum=6&trk=public_jobs_jserp-result_search-card
36,2023-02-23,Hourigan,Data Analyst,"Richmond, VA",,,,,,https://www.linkedin.com/jobs/view/data-analyst-at-hourigan-3494335695?refId=wF6AS2W7KShCkAgZV7FRkA%3D%3D&trackingId=xgI77Nzm3NW%2BklLQvVXK%2BA%3D%3D&position=25&pageNum=6&trk=public_jobs_jserp-result_search-card
37,2023-02-23,Hourigan,Data Analyst,"Richmond, VA",,,,,,https://www.linkedin.com/jobs/view/data-analyst-at-hourigan-3494335695?refId=wF6AS2W7KShCkAgZV7FRkA%3D%3D&trackingId=xgI77Nzm3NW%2BklLQvVXK%2BA%3D%3D&position=25&pageNum=6&trk=public_jobs_jserp-result_search-card
38,2023-02-23,Hourigan,Data Analyst,"Richmond, VA",,,,,,https://www.linkedin.com/jobs/view/data-analyst-at-hourigan-3494335695?refId=wF6AS2W7KShCkAgZV7FRkA%3D%3D&trackingId=xgI77Nzm3NW%2BklLQvVXK%2BA%3D%3D&position=25&pageNum=6&trk=public_jobs_jserp-result_search-card
39,2023-02-23,Hourigan,Data Analyst,"Richmond, VA",,,,,,https://www.linkedin.com/jobs/view/data-analyst-at-hourigan-3494335695?refId=wF6AS2W7KShCkAgZV7FRkA%3D%3D&trackingId=xgI77Nzm3NW%2BklLQvVXK%2BA%3D%3D&position=25&pageNum=6&trk=public_jobs_jserp-result_search-card
40,2023-02-23,Hourigan,Data Analyst,"Richmond, VA",,,,,,https://www.linkedin.com/jobs/view/data-analyst-at-hourigan-3494335695?refId=wF6AS2W7KShCkAgZV7FRkA%3D%3D&trackingId=xgI77Nzm3NW%2BklLQvVXK%2BA%3D%3D&position=25&pageNum=6&trk=public_jobs_jserp-result_search-card
41,2023-02-23,Hourigan,Data Analyst,"Richmond, VA",,,,,,https://www.linkedin.com/jobs/view/data-analyst-at-hourigan-3494335695?refId=wF6AS2W7KShCkAgZV7FRkA%3D%3D&trackingId=xgI77Nzm3NW%2BklLQvVXK%2BA%3D%3D&position=25&pageNum=6&trk=public_jobs_jserp-result_search-card
42,2023-02-23,Hourigan,Data Analyst,"Richmond, VA",,,,,,https://www.linkedin.com/jobs/view/data-analyst-at-hourigan-3494335695?refId=wF6AS2W7KShCkAgZV7FRkA%3D%3D&trackingId=xgI77Nzm3NW%2BklLQvVXK%2BA%3D%3D&position=25&pageNum=6&trk=public_jobs_jserp-result_search-card
43,2023-02-23,Hourigan,Data Analyst,"Richmond, VA",,,,,,https://www.linkedin.com/jobs/view/data-analyst-at-hourigan-3494335695?refId=wF6AS2W7KShCkAgZV7FRkA%3D%3D&trackingId=xgI77Nzm3NW%2BklLQvVXK%2BA%3D%3D&position=25&pageNum=6&trk=public_jobs_jserp-result_search-card
44,2023-02-23,Hourigan,Data Analyst,"Richmond, VA",,,,,,https://www.linkedin.com/jobs/view/data-analyst-at-hourigan-3494335695?refId=wF6AS2W7KShCkAgZV7FRkA%3D%3D&trackingId=xgI77Nzm3NW%2BklLQvVXK%2BA%3D%3D&position=25&pageNum=6&trk=public_jobs_jserp-result_search-card
45,2023-02-23,Hourigan,Data Analyst,"Richmond, VA",,,,,,https://www.linkedin.com/jobs/view/data-analyst-at-hourigan-3494335695?refId=wF6AS2W7KShCkAgZV7FRkA%3D%3D&trackingId=xgI77Nzm3NW%2BklLQvVXK%2BA%3D%3D&position=25&pageNum=6&trk=public_jobs_jserp-result_search-card
46,2023-02-23,Hourigan,Data Analyst,"Richmond, VA",,,,,,https://www.linkedin.com/jobs/view/data-analyst-at-hourigan-3494335695?refId=wF6AS2W7KShCkAgZV7FRkA%3D%3D&trackingId=xgI77Nzm3NW%2BklLQvVXK%2BA%3D%3D&position=25&pageNum=6&trk=public_jobs_jserp-result_search-card
47,2023-02-23,Hourigan,Data Analyst,"Richmond, VA",,,,,,https://www.linkedin.com/jobs/view/data-analyst-at-hourigan-3494335695?refId=wF6AS2W7KShCkAgZV7FRkA%3D%3D&trackingId=xgI77Nzm3NW%2BklLQvVXK%2BA%3D%3D&position=25&pageNum=6&trk=public_jobs_jserp-result_search-card
48,2023-02-23,Hourigan,Data Analyst,"Richmond, VA",,,,,,https://www.linkedin.com/jobs/view/data-analyst-at-hourigan-3494335695?refId=wF6AS2W7KShCkAgZV7FRkA%3D%3D&trackingId=xgI77Nzm3NW%2BklLQvVXK%2BA%3D%3D&position=25&pageNum=6&trk=public_jobs_jserp-result_search-card
49,2023-02-23,Hourigan,Data Analyst,"Richmond, VA",,,,,,https://www.linkedin.com/jobs/view/data-analyst-at-hourigan-3494335695?refId=wF6AS2W7KShCkAgZV7FRkA%3D%3D&trackingId=xgI77Nzm3NW%2BklLQvVXK%2BA%3D%3D&position=25&pageNum=6&trk=public_jobs_jserp-result_search-card
50,2023-02-23,Hourigan,Data Analyst,"Richmond, VA",,,,,,https://www.linkedin.com/jobs/view/data-analyst-at-hourigan-3494335695?refId=wF6AS2W7KShCkAgZV7FRkA%3D%3D&trackingId=xgI77Nzm3NW%2BklLQvVXK%2BA%3D%3D&position=25&pageNum=6&trk=public_jobs_jserp-result_search-card
51,2023-02-23,Hourigan,Data Analyst,"Richmond, VA",,,,,,https://www.linkedin.com/jobs/view/data-analyst-at-hourigan-3494335695?refId=wF6AS2W7KShCkAgZV7FRkA%3D%3D&trackingId=xgI77Nzm3NW%2BklLQvVXK%2BA%3D%3D&position=25&pageNum=6&trk=public_jobs_jserp-result_search-card
52,2023-02-23,Hourigan,Data Analyst,"Richmond, VA",,,,,,https://www.linkedin.com/jobs/view/data-analyst-at-hourigan-3494335695?refId=wF6AS2W7KShCkAgZV7FRkA%3D%3D&trackingId=xgI77Nzm3NW%2BklLQvVXK%2BA%3D%3D&position=25&pageNum=6&trk=public_jobs_jserp-result_search-card
53,2023-02-23,Hourigan,Data Analyst,"Richmond, VA",,,,,,https://www.linkedin.com/jobs/view/data-analyst-at-hourigan-3494335695?refId=wF6AS2W7KShCkAgZV7FRkA%3D%3D&trackingId=xgI77Nzm3NW%2BklLQvVXK%2BA%3D%3D&position=25&pageNum=6&trk=public_jobs_jserp-result_search-card
54,2023-02-23,Hourigan,Data Analyst,"Richmond, VA",,,,,,https://www.linkedin.com/jobs/view/data-analyst-at-hourigan-3494335695?refId=wF6AS2W7KShCkAgZV7FRkA%3D%3D&trackingId=xgI77Nzm3NW%2BklLQvVXK%2BA%3D%3D&position=25&pageNum=6&trk=public_jobs_jserp-result_search-card
55,2023-02-23,Hourigan,Data Analyst,"Richmond, VA",,,,,,https://www.linkedin.com/jobs/view/data-analyst-at-hourigan-3494335695?refId=wF6AS2W7KShCkAgZV7FRkA%3D%3D&trackingId=xgI77Nzm3NW%2BklLQvVXK%2BA%3D%3D&position=25&pageNum=6&trk=public_jobs_jserp-result_search-card
56,2023-02-23,Hourigan,Data Analyst,"Richmond, VA",,,,,,https://www.linkedin.com/jobs/view/data-analyst-at-hourigan-3494335695?refId=wF6AS2W7KShCkAgZV7FRkA%3D%3D&trackingId=xgI77Nzm3NW%2BklLQvVXK%2BA%3D%3D&position=25&pageNum=6&trk=public_jobs_jserp-result_search-card
57,2023-02-23,Hourigan,Data Analyst,"Richmond, VA",,,,,,https://www.linkedin.com/jobs/view/data-analyst-at-hourigan-3494335695?refId=wF6AS2W7KShCkAgZV7FRkA%3D%3D&trackingId=xgI77Nzm3NW%2BklLQvVXK%2BA%3D%3D&position=25&pageNum=6&trk=public_jobs_jserp-result_search-card
58,2023-02-23,Hourigan,Data Analyst,"Richmond, VA",,,,,,https://www.linkedin.com/jobs/view/data-analyst-at-hourigan-3494335695?refId=wF6AS2W7KShCkAgZV7FRkA%3D%3D&trackingId=xgI77Nzm3NW%2BklLQvVXK%2BA%3D%3D&position=25&pageNum=6&trk=public_jobs_jserp-result_search-card
59,2023-02-23,Hourigan,Data Analyst,"Richmond, VA",,,,,,https://www.linkedin.com/jobs/view/data-analyst-at-hourigan-3494335695?refId=wF6AS2W7KShCkAgZV7FRkA%3D%3D&trackingId=xgI77Nzm3NW%2BklLQvVXK%2BA%3D%3D&position=25&pageNum=6&trk=public_jobs_jserp-result_search-card
60,2023-02-23,Hourigan,Data Analyst,"Richmond, VA",,,,,,https://www.linkedin.com/jobs/view/data-analyst-at-hourigan-3494335695?refId=wF6AS2W7KShCkAgZV7FRkA%3D%3D&trackingId=xgI77Nzm3NW%2BklLQvVXK%2BA%3D%3D&position=25&pageNum=6&trk=public_jobs_jserp-result_search-card
61,2023-02-23,Hourigan,Data Analyst,"Richmond, VA",,,,,,https://www.linkedin.com/jobs/view/data-analyst-at-hourigan-3494335695?refId=wF6AS2W7KShCkAgZV7FRkA%3D%3D&trackingId=xgI77Nzm3NW%2BklLQvVXK%2BA%3D%3D&position=25&pageNum=6&trk=public_jobs_jserp-result_search-card
62,2023-02-23,Hourigan,Data Analyst,"Richmond, VA",,,,,,https://www.linkedin.com/jobs/view/data-analyst-at-hourigan-3494335695?refId=wF6AS2W7KShCkAgZV7FRkA%3D%3D&trackingId=xgI77Nzm3NW%2BklLQvVXK%2BA%3D%3D&position=25&pageNum=6&trk=public_jobs_jserp-result_search-card
63,2023-02-23,Hourigan,Data Analyst,"Richmond, VA",,,,,,https://www.linkedin.com/jobs/view/data-analyst-at-hourigan-3494335695?refId=wF6AS2W7KShCkAgZV7FRkA%3D%3D&trackingId=xgI77Nzm3NW%2BklLQvVXK%2BA%3D%3D&position=25&pageNum=6&trk=public_jobs_jserp-result_search-card
64,2023-02-23,Hourigan,Data Analyst,"Richmond, VA",,,,,,https://www.linkedin.com/jobs/view/data-analyst-at-hourigan-3494335695?refId=wF6AS2W7KShCkAgZV7FRkA%3D%3D&trackingId=xgI77Nzm3NW%2BklLQvVXK%2BA%3D%3D&position=25&pageNum=6&trk=public_jobs_jserp-result_search-card
65,2023-02-23,Hourigan,Data Analyst,"Richmond, VA",,,,,,https://www.linkedin.com/jobs/view/data-analyst-at-hourigan-3494335695?refId=wF6AS2W7KShCkAgZV7FRkA%3D%3D&trackingId=xgI77Nzm3NW%2BklLQvVXK%2BA%3D%3D&position=25&pageNum=6&trk=public_jobs_jserp-result_search-card
66,2023-02-23,Hourigan,Data Analyst,"Richmond, VA",,,,,,https://www.linkedin.com/jobs/view/data-analyst-at-hourigan-3494335695?refId=wF6AS2W7KShCkAgZV7FRkA%3D%3D&trackingId=xgI77Nzm3NW%2BklLQvVXK%2BA%3D%3D&position=25&pageNum=6&trk=public_jobs_jserp-result_search-card
67,2023-02-23,Hourigan,Data Analyst,"Richmond, VA",,,,,,https://www.linkedin.com/jobs/view/data-analyst-at-hourigan-3494335695?refId=wF6AS2W7KShCkAgZV7FRkA%3D%3D&trackingId=xgI77Nzm3NW%2BklLQvVXK%2BA%3D%3D&position=25&pageNum=6&trk=public_jobs_jserp-result_search-card
68,2023-02-23,Hourigan,Data Analyst,"Richmond, VA",,,,,,https://www.linkedin.com/jobs/view/data-analyst-at-hourigan-3494335695?refId=wF6AS2W7KShCkAgZV7FRkA%3D%3D&trackingId=xgI77Nzm3NW%2BklLQvVXK%2BA%3D%3D&position=25&pageNum=6&trk=public_jobs_jserp-result_search-card
69,2023-02-23,Hourigan,Data Analyst,"Richmond, VA",,,,,,https://www.linkedin.com/jobs/view/data-analyst-at-hourigan-3494335695?refId=wF6AS2W7KShCkAgZV7FRkA%3D%3D&trackingId=xgI77Nzm3NW%2BklLQvVXK%2BA%3D%3D&position=25&pageNum=6&trk=public_jobs_jserp-result_search-card
70,2023-02-23,Hourigan,Data Analyst,"Richmond, VA",,,,,,https://www.linkedin.com/jobs/view/data-analyst-at-hourigan-3494335695?refId=wF6AS2W7KShCkAgZV7FRkA%3D%3D&trackingId=xgI77Nzm3NW%2BklLQvVXK%2BA%3D%3D&position=25&pageNum=6&trk=public_jobs_jserp-result_search-card
71,2023-02-23,Hourigan,Data Analyst,"Richmond, VA",,,,,,https://www.linkedin.com/jobs/view/data-analyst-at-hourigan-3494335695?refId=wF6AS2W7KShCkAgZV7FRkA%3D%3D&trackingId=xgI77Nzm3NW%2BklLQvVXK%2BA%3D%3D&position=25&pageNum=6&trk=public_jobs_jserp-result_search-card
72,2023-02-23,Hourigan,Data Analyst,"Richmond, VA",,,,,,https://www.linkedin.com/jobs/view/data-analyst-at-hourigan-3494335695?refId=wF6AS2W7KShCkAgZV7FRkA%3D%3D&trackingId=xgI77Nzm3NW%2BklLQvVXK%2BA%3D%3D&position=25&pageNum=6&trk=public_jobs_jserp-result_search-card
73,2023-02-23,Hourigan,Data Analyst,"Richmond, VA",,,,,,https://www.linkedin.com/jobs/view/data-analyst-at-hourigan-3494335695?refId=wF6AS2W7KShCkAgZV7FRkA%3D%3D&trackingId=xgI77Nzm3NW%2BklLQvVXK%2BA%3D%3D&position=25&pageNum=6&trk=public_jobs_jserp-result_search-card
74,2023-02-23,Hourigan,Data Analyst,"Richmond, VA",,,,,,https://www.linkedin.com/jobs/view/data-analyst-at-hourigan-3494335695?refId=wF6AS2W7KShCkAgZV7FRkA%3D%3D&trackingId=xgI77Nzm3NW%2BklLQvVXK%2BA%3D%3D&position=25&pageNum=6&trk=public_jobs_jserp-result_search-card
75,2023-02-23,Hourigan,Data Analyst,"Richmond, VA",,,,,,https://www.linkedin.com/jobs/view/data-analyst-at-hourigan-3494335695?refId=wF6AS2W7KShCkAgZV7FRkA%3D%3D&trackingId=xgI77Nzm3NW%2BklLQvVXK%2BA%3D%3D&position=25&pageNum=6&trk=public_jobs_jserp-result_search-card
76,2023-02-23,Hourigan,Data Analyst,"Richmond, VA",,,,,,https://www.linkedin.com/jobs/view/data-analyst-at-hourigan-3494335695?refId=wF6AS2W7KShCkAgZV7FRkA%3D%3D&trackingId=xgI77Nzm3NW%2BklLQvVXK%2BA%3D%3D&position=25&pageNum=6&trk=public_jobs_jserp-result_search-card
77,2023-02-23,Hourigan,Data Analyst,"Richmond, VA",,,,,,https://www.linkedin.com/jobs/view/data-analyst-at-hourigan-3494335695?refId=wF6AS2W7KShCkAgZV7FRkA%3D%3D&trackingId=xgI77Nzm3NW%2BklLQvVXK%2BA%3D%3D&position=25&pageNum=6&trk=public_jobs_jserp-result_search-card
78,2023-02-23,Hourigan,Data Analyst,"Richmond, VA",,,,,,https://www.linkedin.com/jobs/view/data-analyst-at-hourigan-3494335695?refId=wF6AS2W7KShCkAgZV7FRkA%3D%3D&trackingId=xgI77Nzm3NW%2BklLQvVXK%2BA%3D%3D&position=25&pageNum=6&trk=public_jobs_jserp-result_search-card
79,2023-02-23,Hourigan,Data Analyst,"Richmond, VA",,,,,,https://www.linkedin.com/jobs/view/data-analyst-at-hourigan-3494335695?refId=wF6AS2W7KShCkAgZV7FRkA%3D%3D&trackingId=xgI77Nzm3NW%2BklLQvVXK%2BA%3D%3D&position=25&pageNum=6&trk=public_jobs_jserp-result_search-card
80,2023-02-23,Hourigan,Data Analyst,"Richmond, VA",,,,,,https://www.linkedin.com/jobs/view/data-analyst-at-hourigan-3494335695?refId=wF6AS2W7KShCkAgZV7FRkA%3D%3D&trackingId=xgI77Nzm3NW%2BklLQvVXK%2BA%3D%3D&position=25&pageNum=6&trk=public_jobs_jserp-result_search-card
81,2023-02-23,Hourigan,Data Analyst,"Richmond, VA",,,,,,https://www.linkedin.com/jobs/view/data-analyst-at-hourigan-3494335695?refId=wF6AS2W7KShCkAgZV7FRkA%3D%3D&trackingId=xgI77Nzm3NW%2BklLQvVXK%2BA%3D%3D&position=25&pageNum=6&trk=public_jobs_jserp-result_search-card
82,2023-02-23,Hourigan,Data Analyst,"Richmond, VA",,,,,,https://www.linkedin.com/jobs/view/data-analyst-at-hourigan-3494335695?refId=wF6AS2W7KShCkAgZV7FRkA%3D%3D&trackingId=xgI77Nzm3NW%2BklLQvVXK%2BA%3D%3D&position=25&pageNum=6&trk=public_jobs_jserp-result_search-card
83,2023-02-23,Hourigan,Data Analyst,"Richmond, VA",,,,,,https://www.linkedin.com/jobs/view/data-analyst-at-hourigan-3494335695?refId=wF6AS2W7KShCkAgZV7FRkA%3D%3D&trackingId=xgI77Nzm3NW%2BklLQvVXK%2BA%3D%3D&position=25&pageNum=6&trk=public_jobs_jserp-result_search-card
84,2023-02-23,Hourigan,Data Analyst,"Richmond, VA",,,,,,https://www.linkedin.com/jobs/view/data-analyst-at-hourigan-3494335695?refId=wF6AS2W7KShCkAgZV7FRkA%3D%3D&trackingId=xgI77Nzm3NW%2BklLQvVXK%2BA%3D%3D&position=25&pageNum=6&trk=public_jobs_jserp-result_search-card
85,2023-02-23,Hourigan,Data Analyst,"Richmond, VA",,,,,,https://www.linkedin.com/jobs/view/data-analyst-at-hourigan-3494335695?refId=wF6AS2W7KShCkAgZV7FRkA%3D%3D&trackingId=xgI77Nzm3NW%2BklLQvVXK%2BA%3D%3D&position=25&pageNum=6&trk=public_jobs_jserp-result_search-card
86,2023-02-23,Hourigan,Data Analyst,"Richmond, VA",,,,,,https://www.linkedin.com/jobs/view/data-analyst-at-hourigan-3494335695?refId=wF6AS2W7KShCkAgZV7FRkA%3D%3D&trackingId=xgI77Nzm3NW%2BklLQvVXK%2BA%3D%3D&position=25&pageNum=6&trk=public_jobs_jserp-result_search-card
87,2023-02-23,Hourigan,Data Analyst,"Richmond, VA",,,,,,https://www.linkedin.com/jobs/view/data-analyst-at-hourigan-3494335695?refId=wF6AS2W7KShCkAgZV7FRkA%3D%3D&trackingId=xgI77Nzm3NW%2BklLQvVXK%2BA%3D%3D&position=25&pageNum=6&trk=public_jobs_jserp-result_search-card
88,2023-02-23,Hourigan,Data Analyst,"Richmond, VA",,,,,,https://www.linkedin.com/jobs/view/data-analyst-at-hourigan-3494335695?refId=wF6AS2W7KShCkAgZV7FRkA%3D%3D&trackingId=xgI77Nzm3NW%2BklLQvVXK%2BA%3D%3D&position=25&pageNum=6&trk=public_jobs_jserp-result_search-card
89,2023-02-23,Hourigan,Data Analyst,"Richmond, VA",,,,,,https://www.linkedin.com/jobs/view/data-analyst-at-hourigan-3494335695?refId=wF6AS2W7KShCkAgZV7FRkA%3D%3D&trackingId=xgI77Nzm3NW%2BklLQvVXK%2BA%3D%3D&position=25&pageNum=6&trk=public_jobs_jserp-result_search-card
90,2023-02-23,Hourigan,Data Analyst,"Richmond, VA",,,,,,https://www.linkedin.com/jobs/view/data-analyst-at-hourigan-3494335695?refId=wF6AS2W7KShCkAgZV7FRkA%3D%3D&trackingId=xgI77Nzm3NW%2BklLQvVXK%2BA%3D%3D&position=25&pageNum=6&trk=public_jobs_jserp-result_search-card
91,2023-02-23,Hourigan,Data Analyst,"Richmond, VA",,,,,,https://www.linkedin.com/jobs/view/data-analyst-at-hourigan-3494335695?refId=wF6AS2W7KShCkAgZV7FRkA%3D%3D&trackingId=xgI77Nzm3NW%2BklLQvVXK%2BA%3D%3D&position=25&pageNum=6&trk=public_jobs_jserp-result_search-card
92,2023-02-23,Hourigan,Data Analyst,"Richmond, VA",,,,,,https://www.linkedin.com/jobs/view/data-analyst-at-hourigan-3494335695?refId=wF6AS2W7KShCkAgZV7FRkA%3D%3D&trackingId=xgI77Nzm3NW%2BklLQvVXK%2BA%3D%3D&position=25&pageNum=6&trk=public_jobs_jserp-result_search-card
93,2023-02-23,Hourigan,Data Analyst,"Richmond, VA",,,,,,https://www.linkedin.com/jobs/view/data-analyst-at-hourigan-3494335695?refId=wF6AS2W7KShCkAgZV7FRkA%3D%3D&trackingId=xgI77Nzm3NW%2BklLQvVXK%2BA%3D%3D&position=25&pageNum=6&trk=public_jobs_jserp-result_search-card
94,2023-02-23,Hourigan,Data Analyst,"Richmond, VA",,,,,,https://www.linkedin.com/jobs/view/data-analyst-at-hourigan-3494335695?refId=wF6AS2W7KShCkAgZV7FRkA%3D%3D&trackingId=xgI77Nzm3NW%2BklLQvVXK%2BA%3D%3D&position=25&pageNum=6&trk=public_jobs_jserp-result_search-card
95,2023-02-23,Hourigan,Data Analyst,"Richmond, VA",,,,,,https://www.linkedin.com/jobs/view/data-analyst-at-hourigan-3494335695?refId=wF6AS2W7KShCkAgZV7FRkA%3D%3D&trackingId=xgI77Nzm3NW%2BklLQvVXK%2BA%3D%3D&position=25&pageNum=6&trk=public_jobs_jserp-result_search-card
96,2023-02-23,Hourigan,Data Analyst,"Richmond, VA",,,,,,https://www.linkedin.com/jobs/view/data-analyst-at-hourigan-3494335695?refId=wF6AS2W7KShCkAgZV7FRkA%3D%3D&trackingId=xgI77Nzm3NW%2BklLQvVXK%2BA%3D%3D&position=25&pageNum=6&trk=public_jobs_jserp-result_search-card
97,2023-02-23,Hourigan,Data Analyst,"Richmond, VA",,,,,,https://www.linkedin.com/jobs/view/data-analyst-at-hourigan-3494335695?refId=wF6AS2W7KShCkAgZV7FRkA%3D%3D&trackingId=xgI77Nzm3NW%2BklLQvVXK%2BA%3D%3D&position=25&pageNum=6&trk=public_jobs_jserp-result_search-card
98,2023-02-23,Hourigan,Data Analyst,"Richmond, VA",,,,,,https://www.linkedin.com/jobs/view/data-analyst-at-hourigan-3494335695?refId=wF6AS2W7KShCkAgZV7FRkA%3D%3D&trackingId=xgI77Nzm3NW%2BklLQvVXK%2BA%3D%3D&position=25&pageNum=6&trk=public_jobs_jserp-result_search-card
99,2023-02-23,Hourigan,Data Analyst,"Richmond, VA",,,,,,https://www.linkedin.com/jobs/view/data-analyst-at-hourigan-3494335695?refId=wF6AS2W7KShCkAgZV7FRkA%3D%3D&trackingId=xgI77Nzm3NW%2BklLQvVXK%2BA%3D%3D&position=25&pageNum=6&trk=public_jobs_jserp-result_search-card
100,2023-02-23,Hourigan,Data Analyst,"Richmond, VA",,,,,,https://www.linkedin.com/jobs/view/data-analyst-at-hourigan-3494335695?refId=wF6AS2W7KShCkAgZV7FRkA%3D%3D&trackingId=xgI77Nzm3NW%2BklLQvVXK%2BA%3D%3D&position=25&pageNum=6&trk=public_jobs_jserp-result_search-card
101,2023-02-23,Hourigan,Data Analyst,"Richmond, VA",,,,,,https://www.linkedin.com/jobs/view/data-analyst-at-hourigan-3494335695?refId=wF6AS2W7KShCkAgZV7FRkA%3D%3D&trackingId=xgI77Nzm3NW%2BklLQvVXK%2BA%3D%3D&position=25&pageNum=6&trk=public_jobs_jserp-result_search-card
102,2023-02-23,Hourigan,Data Analyst,"Richmond, VA",,,,,,https://www.linkedin.com/jobs/view/data-analyst-at-hourigan-3494335695?refId=wF6AS2W7KShCkAgZV7FRkA%3D%3D&trackingId=xgI77Nzm3NW%2BklLQvVXK%2BA%3D%3D&position=25&pageNum=6&trk=public_jobs_jserp-result_search-card
103,2023-02-23,Hourigan,Data Analyst,"Richmond, VA",,,,,,https://www.linkedin.com/jobs/view/data-analyst-at-hourigan-3494335695?refId=wF6AS2W7KShCkAgZV7FRkA%3D%3D&trackingId=xgI77Nzm3NW%2BklLQvVXK%2BA%3D%3D&position=25&pageNum=6&trk=public_jobs_jserp-result_search-card
104,2023-02-23,Hourigan,Data Analyst,"Richmond, VA",,,,,,https://www.linkedin.com/jobs/view/data-analyst-at-hourigan-3494335695?refId=wF6AS2W7KShCkAgZV7FRkA%3D%3D&trackingId=xgI77Nzm3NW%2BklLQvVXK%2BA%3D%3D&position=25&pageNum=6&trk=public_jobs_jserp-result_search-card
105,2023-02-23,Hourigan,Data Analyst,"Richmond, VA",,,,,,https://www.linkedin.com/jobs/view/data-analyst-at-hourigan-3494335695?refId=wF6AS2W7KShCkAgZV7FRkA%3D%3D&trackingId=xgI77Nzm3NW%2BklLQvVXK%2BA%3D%3D&position=25&pageNum=6&trk=public_jobs_jserp-result_search-card
106,2023-02-23,Hourigan,Data Analyst,"Richmond, VA",,,,,,https://www.linkedin.com/jobs/view/data-analyst-at-hourigan-3494335695?refId=wF6AS2W7KShCkAgZV7FRkA%3D%3D&trackingId=xgI77Nzm3NW%2BklLQvVXK%2BA%3D%3D&position=25&pageNum=6&trk=public_jobs_jserp-result_search-card
107,2023-02-23,Hourigan,Data Analyst,"Richmond, VA",,,,,,https://www.linkedin.com/jobs/view/data-analyst-at-hourigan-3494335695?refId=wF6AS2W7KShCkAgZV7FRkA%3D%3D&trackingId=xgI77Nzm3NW%2BklLQvVXK%2BA%3D%3D&position=25&pageNum=6&trk=public_jobs_jserp-result_search-card
108,2023-02-23,Hourigan,Data Analyst,"Richmond, VA",,,,,,https://www.linkedin.com/jobs/view/data-analyst-at-hourigan-3494335695?refId=wF6AS2W7KShCkAgZV7FRkA%3D%3D&trackingId=xgI77Nzm3NW%2BklLQvVXK%2BA%3D%3D&position=25&pageNum=6&trk=public_jobs_jserp-result_search-card
109,2023-02-23,Hourigan,Data Analyst,"Richmond, VA",,,,,,https://www.linkedin.com/jobs/view/data-analyst-at-hourigan-3494335695?refId=wF6AS2W7KShCkAgZV7FRkA%3D%3D&trackingId=xgI77Nzm3NW%2BklLQvVXK%2BA%3D%3D&position=25&pageNum=6&trk=public_jobs_jserp-result_search-card
110,2023-02-23,Hourigan,Data Analyst,"Richmond, VA",,,,,,https://www.linkedin.com/jobs/view/data-analyst-at-hourigan-3494335695?refId=wF6AS2W7KShCkAgZV7FRkA%3D%3D&trackingId=xgI77Nzm3NW%2BklLQvVXK%2BA%3D%3D&position=25&pageNum=6&trk=public_jobs_jserp-result_search-card
111,2023-02-23,Hourigan,Data Analyst,"Richmond, VA",,,,,,https://www.linkedin.com/jobs/view/data-analyst-at-hourigan-3494335695?refId=wF6AS2W7KShCkAgZV7FRkA%3D%3D&trackingId=xgI77Nzm3NW%2BklLQvVXK%2BA%3D%3D&position=25&pageNum=6&trk=public_jobs_jserp-result_search-card
112,2023-02-23,Hourigan,Data Analyst,"Richmond, VA",,,,,,https://www.linkedin.com/jobs/view/data-analyst-at-hourigan-3494335695?refId=wF6AS2W7KShCkAgZV7FRkA%3D%3D&trackingId=xgI77Nzm3NW%2BklLQvVXK%2BA%3D%3D&position=25&pageNum=6&trk=public_jobs_jserp-result_search-card
113,2023-02-23,Hourigan,Data Analyst,"Richmond, VA",,,,,,https://www.linkedin.com/jobs/view/data-analyst-at-hourigan-3494335695?refId=wF6AS2W7KShCkAgZV7FRkA%3D%3D&trackingId=xgI77Nzm3NW%2BklLQvVXK%2BA%3D%3D&position=25&pageNum=6&trk=public_jobs_jserp-result_search-card
114,2023-02-23,Hourigan,Data Analyst,"Richmond, VA",,,,,,https://www.linkedin.com/jobs/view/data-analyst-at-hourigan-3494335695?refId=wF6AS2W7KShCkAgZV7FRkA%3D%3D&trackingId=xgI77Nzm3NW%2BklLQvVXK%2BA%3D%3D&position=25&pageNum=6&trk=public_jobs_jserp-result_search-card
115,2023-02-23,Hourigan,Data Analyst,"Richmond, VA",,,,,,https://www.linkedin.com/jobs/view/data-analyst-at-hourigan-3494335695?refId=wF6AS2W7KShCkAgZV7FRkA%3D%3D&trackingId=xgI77Nzm3NW%2BklLQvVXK%2BA%3D%3D&position=25&pageNum=6&trk=public_jobs_jserp-result_search-card
116,2023-02-23,Hourigan,Data Analyst,"Richmond, VA",,,,,,https://www.linkedin.com/jobs/view/data-analyst-at-hourigan-3494335695?refId=wF6AS2W7KShCkAgZV7FRkA%3D%3D&trackingId=xgI77Nzm3NW%2BklLQvVXK%2BA%3D%3D&position=25&pageNum=6&trk=public_jobs_jserp-result_search-card
117,2023-02-23,Hourigan,Data Analyst,"Richmond, VA",,,,,,https://www.linkedin.com/jobs/view/data-analyst-at-hourigan-3494335695?refId=wF6AS2W7KShCkAgZV7FRkA%3D%3D&trackingId=xgI77Nzm3NW%2BklLQvVXK%2BA%3D%3D&position=25&pageNum=6&trk=public_jobs_jserp-result_search-card
118,2023-02-23,Hourigan,Data Analyst,"Richmond, VA",,,,,,https://www.linkedin.com/jobs/view/data-analyst-at-hourigan-3494335695?refId=wF6AS2W7KShCkAgZV7FRkA%3D%3D&trackingId=xgI77Nzm3NW%2BklLQvVXK%2BA%3D%3D&position=25&pageNum=6&trk=public_jobs_jserp-result_search-card
119,2023-02-23,Hourigan,Data Analyst,"Richmond, VA",,,,,,https://www.linkedin.com/jobs/view/data-analyst-at-hourigan-3494335695?refId=wF6AS2W7KShCkAgZV7FRkA%3D%3D&trackingId=xgI77Nzm3NW%2BklLQvVXK%2BA%3D%3D&position=25&pageNum=6&trk=public_jobs_jserp-result_search-card
120,2023-02-23,Hourigan,Data Analyst,"Richmond, VA",,,,,,https://www.linkedin.com/jobs/view/data-analyst-at-hourigan-3494335695?refId=wF6AS2W7KShCkAgZV7FRkA%3D%3D&trackingId=xgI77Nzm3NW%2BklLQvVXK%2BA%3D%3D&position=25&pageNum=6&trk=public_jobs_jserp-result_search-card
121,2023-02-23,Hourigan,Data Analyst,"Richmond, VA",,,,,,https://www.linkedin.com/jobs/view/data-analyst-at-hourigan-3494335695?refId=wF6AS2W7KShCkAgZV7FRkA%3D%3D&trackingId=xgI77Nzm3NW%2BklLQvVXK%2BA%3D%3D&position=25&pageNum=6&trk=public_jobs_jserp-result_search-card
122,2023-02-23,Hourigan,Data Analyst,"Richmond, VA",,,,,,https://www.linkedin.com/jobs/view/data-analyst-at-hourigan-3494335695?refId=wF6AS2W7KShCkAgZV7FRkA%3D%3D&trackingId=xgI77Nzm3NW%2BklLQvVXK%2BA%3D%3D&position=25&pageNum=6&trk=public_jobs_jserp-result_search-card
123,2023-02-23,Hourigan,Data Analyst,"Richmond, VA",,,,,,https://www.linkedin.com/jobs/view/data-analyst-at-hourigan-3494335695?refId=wF6AS2W7KShCkAgZV7FRkA%3D%3D&trackingId=xgI77Nzm3NW%2BklLQvVXK%2BA%3D%3D&position=25&pageNum=6&trk=public_jobs_jserp-result_search-card
124,2023-02-23,Hourigan,Data Analyst,"Richmond, VA",,,,,,https://www.linkedin.com/jobs/view/data-analyst-at-hourigan-3494335695?refId=wF6AS2W7KShCkAgZV7FRkA%3D%3D&trackingId=xgI77Nzm3NW%2BklLQvVXK%2BA%3D%3D&position=25&pageNum=6&trk=public_jobs_jserp-result_search-card
125,2023-02-23,Hourigan,Data Analyst,"Richmond, VA",,,,,,https://www.linkedin.com/jobs/view/data-analyst-at-hourigan-3494335695?refId=wF6AS2W7KShCkAgZV7FRkA%3D%3D&trackingId=xgI77Nzm3NW%2BklLQvVXK%2BA%3D%3D&position=25&pageNum=6&trk=public_jobs_jserp-result_search-card
126,2023-02-23,Hourigan,Data Analyst,"Richmond, VA",,,,,,https://www.linkedin.com/jobs/view/data-analyst-at-hourigan-3494335695?refId=wF6AS2W7KShCkAgZV7FRkA%3D%3D&trackingId=xgI77Nzm3NW%2BklLQvVXK%2BA%3D%3D&position=25&pageNum=6&trk=public_jobs_jserp-result_search-card
127,2023-02-23,Hourigan,Data Analyst,"Richmond, VA",,,,,,https://www.linkedin.com/jobs/view/data-analyst-at-hourigan-3494335695?refId=wF6AS2W7KShCkAgZV7FRkA%3D%3D&trackingId=xgI77Nzm3NW%2BklLQvVXK%2BA%3D%3D&position=25&pageNum=6&trk=public_jobs_jserp-result_search-card
128,2023-02-23,Hourigan,Data Analyst,"Richmond, VA",,,,,,https://www.linkedin.com/jobs/view/data-analyst-at-hourigan-3494335695?refId=wF6AS2W7KShCkAgZV7FRkA%3D%3D&trackingId=xgI77Nzm3NW%2BklLQvVXK%2BA%3D%3D&position=25&pageNum=6&trk=public_jobs_jserp-result_search-card
129,2023-02-23,Hourigan,Data Analyst,"Richmond, VA",,,,,,https://www.linkedin.com/jobs/view/data-analyst-at-hourigan-3494335695?refId=wF6AS2W7KShCkAgZV7FRkA%3D%3D&trackingId=xgI77Nzm3NW%2BklLQvVXK%2BA%3D%3D&position=25&pageNum=6&trk=public_jobs_jserp-result_search-card
130,2023-02-23,Hourigan,Data Analyst,"Richmond, VA",,,,,,https://www.linkedin.com/jobs/view/data-analyst-at-hourigan-3494335695?refId=wF6AS2W7KShCkAgZV7FRkA%3D%3D&trackingId=xgI77Nzm3NW%2BklLQvVXK%2BA%3D%3D&position=25&pageNum=6&trk=public_jobs_jserp-result_search-card
131,2023-02-23,Hourigan,Data Analyst,"Richmond, VA",,,,,,https://www.linkedin.com/jobs/view/data-analyst-at-hourigan-3494335695?refId=wF6AS2W7KShCkAgZV7FRkA%3D%3D&trackingId=xgI77Nzm3NW%2BklLQvVXK%2BA%3D%3D&position=25&pageNum=6&trk=public_jobs_jserp-result_search-card
132,2023-02-23,Hourigan,Data Analyst,"Richmond, VA",,,,,,https://www.linkedin.com/jobs/view/data-analyst-at-hourigan-3494335695?refId=wF6AS2W7KShCkAgZV7FRkA%3D%3D&trackingId=xgI77Nzm3NW%2BklLQvVXK%2BA%3D%3D&position=25&pageNum=6&trk=public_jobs_jserp-result_search-card
133,2023-02-23,Hourigan,Data Analyst,"Richmond, VA",,,,,,https://www.linkedin.com/jobs/view/data-analyst-at-hourigan-3494335695?refId=wF6AS2W7KShCkAgZV7FRkA%3D%3D&trackingId=xgI77Nzm3NW%2BklLQvVXK%2BA%3D%3D&position=25&pageNum=6&trk=public_jobs_jserp-result_search-card
134,2023-02-23,Hourigan,Data Analyst,"Richmond, VA",,,,,,https://www.linkedin.com/jobs/view/data-analyst-at-hourigan-3494335695?refId=wF6AS2W7KShCkAgZV7FRkA%3D%3D&trackingId=xgI77Nzm3NW%2BklLQvVXK%2BA%3D%3D&position=25&pageNum=6&trk=public_jobs_jserp-result_search-card
135,2023-02-23,Hourigan,Data Analyst,"Richmond, VA",,,,,,https://www.linkedin.com/jobs/view/data-analyst-at-hourigan-3494335695?refId=wF6AS2W7KShCkAgZV7FRkA%3D%3D&trackingId=xgI77Nzm3NW%2BklLQvVXK%2BA%3D%3D&position=25&pageNum=6&trk=public_jobs_jserp-result_search-card
136,2023-02-23,Hourigan,Data Analyst,"Richmond, VA",,,,,,https://www.linkedin.com/jobs/view/data-analyst-at-hourigan-3494335695?refId=wF6AS2W7KShCkAgZV7FRkA%3D%3D&trackingId=xgI77Nzm3NW%2BklLQvVXK%2BA%3D%3D&position=25&pageNum=6&trk=public_jobs_jserp-result_search-card
137,2023-02-23,Hourigan,Data Analyst,"Richmond, VA",,,,,,https://www.linkedin.com/jobs/view/data-analyst-at-hourigan-3494335695?refId=wF6AS2W7KShCkAgZV7FRkA%3D%3D&trackingId=xgI77Nzm3NW%2BklLQvVXK%2BA%3D%3D&position=25&pageNum=6&trk=public_jobs_jserp-result_search-card
138,2023-02-23,Hourigan,Data Analyst,"Richmond, VA",,,,,,https://www.linkedin.com/jobs/view/data-analyst-at-hourigan-3494335695?refId=wF6AS2W7KShCkAgZV7FRkA%3D%3D&trackingId=xgI77Nzm3NW%2BklLQvVXK%2BA%3D%3D&position=25&pageNum=6&trk=public_jobs_jserp-result_search-card
139,2023-02-23,Hourigan,Data Analyst,"Richmond, VA",,,,,,https://www.linkedin.com/jobs/view/data-analyst-at-hourigan-3494335695?refId=wF6AS2W7KShCkAgZV7FRkA%3D%3D&trackingId=xgI77Nzm3NW%2BklLQvVXK%2BA%3D%3D&position=25&pageNum=6&trk=public_jobs_jserp-result_search-card
140,2023-02-23,Hourigan,Data Analyst,"Richmond, VA",,,,,,https://www.linkedin.com/jobs/view/data-analyst-at-hourigan-3494335695?refId=wF6AS2W7KShCkAgZV7FRkA%3D%3D&trackingId=xgI77Nzm3NW%2BklLQvVXK%2BA%3D%3D&position=25&pageNum=6&trk=public_jobs_jserp-result_search-card
141,2023-02-23,Hourigan,Data Analyst,"Richmond, VA",,,,,,https://www.linkedin.com/jobs/view/data-analyst-at-hourigan-3494335695?refId=wF6AS2W7KShCkAgZV7FRkA%3D%3D&trackingId=xgI77Nzm3NW%2BklLQvVXK%2BA%3D%3D&position=25&pageNum=6&trk=public_jobs_jserp-result_search-card
142,2023-02-23,Hourigan,Data Analyst,"Richmond, VA",,,,,,https://www.linkedin.com/jobs/view/data-analyst-at-hourigan-3494335695?refId=wF6AS2W7KShCkAgZV7FRkA%3D%3D&trackingId=xgI77Nzm3NW%2BklLQvVXK%2BA%3D%3D&position=25&pageNum=6&trk=public_jobs_jserp-result_search-card
143,2023-02-23,Hourigan,Data Analyst,"Richmond, VA",,,,,,https://www.linkedin.com/jobs/view/data-analyst-at-hourigan-3494335695?refId=wF6AS2W7KShCkAgZV7FRkA%3D%3D&trackingId=xgI77Nzm3NW%2BklLQvVXK%2BA%3D%3D&position=25&pageNum=6&trk=public_jobs_jserp-result_search-card
144,2023-02-23,Hourigan,Data Analyst,"Richmond, VA",,,,,,https://www.linkedin.com/jobs/view/data-analyst-at-hourigan-3494335695?refId=wF6AS2W7KShCkAgZV7FRkA%3D%3D&trackingId=xgI77Nzm3NW%2BklLQvVXK%2BA%3D%3D&position=25&pageNum=6&trk=public_jobs_jserp-result_search-card
145,2023-02-23,Hourigan,Data Analyst,"Richmond, VA",,,,,,https://www.linkedin.com/jobs/view/data-analyst-at-hourigan-3494335695?refId=wF6AS2W7KShCkAgZV7FRkA%3D%3D&trackingId=xgI77Nzm3NW%2BklLQvVXK%2BA%3D%3D&position=25&pageNum=6&trk=public_jobs_jserp-result_search-card
146,2023-02-23,Hourigan,Data Analyst,"Richmond, VA",,,,,,https://www.linkedin.com/jobs/view/data-analyst-at-hourigan-3494335695?refId=wF6AS2W7KShCkAgZV7FRkA%3D%3D&trackingId=xgI77Nzm3NW%2BklLQvVXK%2BA%3D%3D&position=25&pageNum=6&trk=public_jobs_jserp-result_search-card
147,2023-02-23,Hourigan,Data Analyst,"Richmond, VA",,,,,,https://www.linkedin.com/jobs/view/data-analyst-at-hourigan-3494335695?refId=wF6AS2W7KShCkAgZV7FRkA%3D%3D&trackingId=xgI77Nzm3NW%2BklLQvVXK%2BA%3D%3D&position=25&pageNum=6&trk=public_jobs_jserp-result_search-card
148,2023-02-23,Hourigan,Data Analyst,"Richmond, VA",,,,,,https://www.linkedin.com/jobs/view/data-analyst-at-hourigan-3494335695?refId=wF6AS2W7KShCkAgZV7FRkA%3D%3D&trackingId=xgI77Nzm3NW%2BklLQvVXK%2BA%3D%3D&position=25&pageNum=6&trk=public_jobs_jserp-result_search-card
149,2023-02-23,Hourigan,Data Analyst,"Richmond, VA",,,,,,https://www.linkedin.com/jobs/view/data-analyst-at-hourigan-3494335695?refId=wF6AS2W7KShCkAgZV7FRkA%3D%3D&trackingId=xgI77Nzm3NW%2BklLQvVXK%2BA%3D%3D&position=25&pageNum=6&trk=public_jobs_jserp-result_search-card
150,2023-02-23,Hourigan,Data Analyst,"Richmond, VA",,,,,,https://www.linkedin.com/jobs/view/data-analyst-at-hourigan-3494335695?refId=wF6AS2W7KShCkAgZV7FRkA%3D%3D&trackingId=xgI77Nzm3NW%2BklLQvVXK%2BA%3D%3D&position=25&pageNum=6&trk=public_jobs_jserp-result_search-card
151,2023-02-23,Hourigan,Data Analyst,"Richmond, VA",,,,,,https://www.linkedin.com/jobs/view/data-analyst-at-hourigan-3494335695?refId=wF6AS2W7KShCkAgZV7FRkA%3D%3D&trackingId=xgI77Nzm3NW%2BklLQvVXK%2BA%3D%3D&position=25&pageNum=6&trk=public_jobs_jserp-result_search-card
152,2023-02-23,Hourigan,Data Analyst,"Richmond, VA",,,,,,https://www.linkedin.com/jobs/view/data-analyst-at-hourigan-3494335695?refId=wF6AS2W7KShCkAgZV7FRkA%3D%3D&trackingId=xgI77Nzm3NW%2BklLQvVXK%2BA%3D%3D&position=25&pageNum=6&trk=public_jobs_jserp-result_search-card
153,2023-02-23,Hourigan,Data Analyst,"Richmond, VA",,,,,,https://www.linkedin.com/jobs/view/data-analyst-at-hourigan-3494335695?refId=wF6AS2W7KShCkAgZV7FRkA%3D%3D&trackingId=xgI77Nzm3NW%2BklLQvVXK%2BA%3D%3D&position=25&pageNum=6&trk=public_jobs_jserp-result_search-card
154,2023-02-23,Hourigan,Data Analyst,"Richmond, VA",,,,,,https://www.linkedin.com/jobs/view/data-analyst-at-hourigan-3494335695?refId=wF6AS2W7KShCkAgZV7FRkA%3D%3D&trackingId=xgI77Nzm3NW%2BklLQvVXK%2BA%3D%3D&position=25&pageNum=6&trk=public_jobs_jserp-result_search-card
155,2023-02-23,Hourigan,Data Analyst,"Richmond, VA",,,,,,https://www.linkedin.com/jobs/view/data-analyst-at-hourigan-3494335695?refId=wF6AS2W7KShCkAgZV7FRkA%3D%3D&trackingId=xgI77Nzm3NW%2BklLQvVXK%2BA%3D%3D&position=25&pageNum=6&trk=public_jobs_jserp-result_search-card
156,2023-02-23,Hourigan,Data Analyst,"Richmond, VA",,,,,,https://www.linkedin.com/jobs/view/data-analyst-at-hourigan-3494335695?refId=wF6AS2W7KShCkAgZV7FRkA%3D%3D&trackingId=xgI77Nzm3NW%2BklLQvVXK%2BA%3D%3D&position=25&pageNum=6&trk=public_jobs_jserp-result_search-card
157,2023-02-23,Hourigan,Data Analyst,"Richmond, VA",,,,,,https://www.linkedin.com/jobs/view/data-analyst-at-hourigan-3494335695?refId=wF6AS2W7KShCkAgZV7FRkA%3D%3D&trackingId=xgI77Nzm3NW%2BklLQvVXK%2BA%3D%3D&position=25&pageNum=6&trk=public_jobs_jserp-result_search-card
158,2023-02-23,Hourigan,Data Analyst,"Richmond, VA",,,,,,https://www.linkedin.com/jobs/view/data-analyst-at-hourigan-3494335695?refId=wF6AS2W7KShCkAgZV7FRkA%3D%3D&trackingId=xgI77Nzm3NW%2BklLQvVXK%2BA%3D%3D&position=25&pageNum=6&trk=public_jobs_jserp-result_search-card
159,2023-02-23,Hourigan,Data Analyst,"Richmond, VA",,,,,,https://www.linkedin.com/jobs/view/data-analyst-at-hourigan-3494335695?refId=wF6AS2W7KShCkAgZV7FRkA%3D%3D&trackingId=xgI77Nzm3NW%2BklLQvVXK%2BA%3D%3D&position=25&pageNum=6&trk=public_jobs_jserp-result_search-card
160,2023-02-23,Hourigan,Data Analyst,"Richmond, VA",,,,,,https://www.linkedin.com/jobs/view/data-analyst-at-hourigan-3494335695?refId=wF6AS2W7KShCkAgZV7FRkA%3D%3D&trackingId=xgI77Nzm3NW%2BklLQvVXK%2BA%3D%3D&position=25&pageNum=6&trk=public_jobs_jserp-result_search-card
161,2023-02-23,Hourigan,Data Analyst,"Richmond, VA",,,,,,https://www.linkedin.com/jobs/view/data-analyst-at-hourigan-3494335695?refId=wF6AS2W7KShCkAgZV7FRkA%3D%3D&trackingId=xgI77Nzm3NW%2BklLQvVXK%2BA%3D%3D&position=25&pageNum=6&trk=public_jobs_jserp-result_search-card
162,2023-02-23,Hourigan,Data Analyst,"Richmond, VA",,,,,,https://www.linkedin.com/jobs/view/data-analyst-at-hourigan-3494335695?refId=wF6AS2W7KShCkAgZV7FRkA%3D%3D&trackingId=xgI77Nzm3NW%2BklLQvVXK%2BA%3D%3D&position=25&pageNum=6&trk=public_jobs_jserp-result_search-card
163,2023-02-23,Hourigan,Data Analyst,"Richmond, VA",,,,,,https://www.linkedin.com/jobs/view/data-analyst-at-hourigan-3494335695?refId=wF6AS2W7KShCkAgZV7FRkA%3D%3D&trackingId=xgI77Nzm3NW%2BklLQvVXK%2BA%3D%3D&position=25&pageNum=6&trk=public_jobs_jserp-result_search-card
164,2023-02-23,Hourigan,Data Analyst,"Richmond, VA",,,,,,https://www.linkedin.com/jobs/view/data-analyst-at-hourigan-3494335695?refId=wF6AS2W7KShCkAgZV7FRkA%3D%3D&trackingId=xgI77Nzm3NW%2BklLQvVXK%2BA%3D%3D&position=25&pageNum=6&trk=public_jobs_jserp-result_search-card
165,2023-02-23,Hourigan,Data Analyst,"Richmond, VA",,,,,,https://www.linkedin.com/jobs/view/data-analyst-at-hourigan-3494335695?refId=wF6AS2W7KShCkAgZV7FRkA%3D%3D&trackingId=xgI77Nzm3NW%2BklLQvVXK%2BA%3D%3D&position=25&pageNum=6&trk=public_jobs_jserp-result_search-card
166,2023-02-23,Hourigan,Data Analyst,"Richmond, VA",,,,,,https://www.linkedin.com/jobs/view/data-analyst-at-hourigan-3494335695?refId=wF6AS2W7KShCkAgZV7FRkA%3D%3D&trackingId=xgI77Nzm3NW%2BklLQvVXK%2BA%3D%3D&position=25&pageNum=6&trk=public_jobs_jserp-result_search-card
167,2023-02-23,Hourigan,Data Analyst,"Richmond, VA",,,,,,https://www.linkedin.com/jobs/view/data-analyst-at-hourigan-3494335695?refId=wF6AS2W7KShCkAgZV7FRkA%3D%3D&trackingId=xgI77Nzm3NW%2BklLQvVXK%2BA%3D%3D&position=25&pageNum=6&trk=public_jobs_jserp-result_search-card
168,2023-02-23,Hourigan,Data Analyst,"Richmond, VA",,,,,,https://www.linkedin.com/jobs/view/data-analyst-at-hourigan-3494335695?refId=wF6AS2W7KShCkAgZV7FRkA%3D%3D&trackingId=xgI77Nzm3NW%2BklLQvVXK%2BA%3D%3D&position=25&pageNum=6&trk=public_jobs_jserp-result_search-card
169,2023-02-23,Hourigan,Data Analyst,"Richmond, VA",,,,,,https://www.linkedin.com/jobs/view/data-analyst-at-hourigan-3494335695?refId=wF6AS2W7KShCkAgZV7FRkA%3D%3D&trackingId=xgI77Nzm3NW%2BklLQvVXK%2BA%3D%3D&position=25&pageNum=6&trk=public_jobs_jserp-result_search-card
170,2023-02-23,Hourigan,Data Analyst,"Richmond, VA",,,,,,https://www.linkedin.com/jobs/view/data-analyst-at-hourigan-3494335695?refId=wF6AS2W7KShCkAgZV7FRkA%3D%3D&trackingId=xgI77Nzm3NW%2BklLQvVXK%2BA%3D%3D&position=25&pageNum=6&trk=public_jobs_jserp-result_search-card
171,2023-02-23,Hourigan,Data Analyst,"Richmond, VA",,,,,,https://www.linkedin.com/jobs/view/data-analyst-at-hourigan-3494335695?refId=wF6AS2W7KShCkAgZV7FRkA%3D%3D&trackingId=xgI77Nzm3NW%2BklLQvVXK%2BA%3D%3D&position=25&pageNum=6&trk=public_jobs_jserp-result_search-card
172,2023-02-23,Hourigan,Data Analyst,"Richmond, VA",,,,,,https://www.linkedin.com/jobs/view/data-analyst-at-hourigan-3494335695?refId=wF6AS2W7KShCkAgZV7FRkA%3D%3D&trackingId=xgI77Nzm3NW%2BklLQvVXK%2BA%3D%3D&position=25&pageNum=6&trk=public_jobs_jserp-result_search-card
